	System	SnomedCtCode	Equivalence	LocalCode	UZ	RU	EN			
	http://snomed-info/sct	260089005	"   source-is-narrower-than-target	"	aller-0010-00001	Ajiriq (Cyn d)	Свинорой пальчатый (Cyn d)	Cyn d			
	http://snomed-info/sct	260089005	"   source-is-narrower-than-target	"	aller-0010-00003	Ajiriq (Cyn d 1)	Свинорой пальчатый (Cyn d 1)	Cyn d 1			
	http://snomed-info/sct	256280005	"   source-is-narrower-than-target	"	aller-0010-00004	Koʻp yillik mastak (Lol p 1)	Плевел многолетний (Lol p 1)	Lol p 1			
	http://snomed-info/sct	260102000	"   source-is-narrower-than-target	"	aller-0010-00005	Paspalum/grechka (Pas n)	Паспалум/гречка заметная (Pas n)	Paspalum/conspicuous buckwheat (Pas n)			
	http://snomed-info/sct	256281009	"   source-is-narrower-than-target	"	aller-0010-00006	Ajiriqbosh (Phl p 1)	Тимофеевка луговая (Phl p 1)	Timothy grass (Phl p 1)			
	http://snomed-info/sct	256281009	"   source-is-narrower-than-target	"	aller-0010-00007	Ajiriqbosh (Phl p 2)	Тимофеевка луговая (Phl p 2)	Timothy grass (Phl p 2)			
	http://snomed-info/sct	256281009	"   source-is-narrower-than-target	"	aller-0010-00008	Ajiriqbosh (Phl p 5-0101)	Тимофеевка луговая (Phl p 5-0101)	Timothy grass (Phl p 5-0101)			
	http://snomed-info/sct	256281009	"   source-is-narrower-than-target	"	aller-0010-00009	Ajiriqbosh (Phl p 6)	Тимофеевка луговая (Phl p 6)	Timothy grass (Phl p 6)			
	http://snomed-info/sct	256281009	"   source-is-narrower-than-target	"	aller-0010-00010	Ajiriqbosh (Phl p 7)	Тимофеевка луговая (Phl p 7)	Timothy grass (Phl p 7)			
	http://snomed-info/sct	256281009	"   source-is-narrower-than-target	"	aller-0010-00011	Ajiriqbosh (Phl p 12)	Тимофеевка луговая (Phl p 12)	Timothy grass (Phl p 12)			
	http://snomed-info/sct	387873003	"   source-is-narrower-than-target	"	aller-0010-00012	Qamish (Phr c)	Тростник (Phr c)	Reed (Phr c)			
	http://snomed-info/sct	387878007	"   source-is-narrower-than-target	"	aller-0010-00013	Javdar changi (Sec c pollen)	Рожь, пыльца (Sec c pollen)	Rye, pollen (Sec c pollen)			
	http://snomed-info/sct	260132008	    source-is-broader-than-target	aller-0010-00015	Kumush akatsiya (Aca m)	Акация серебристая (Aca m)	Silver acacia (Aca m)			
	http://snomed-info/sct	472736009	"   source-is-narrower-than-target	"	aller-0010-00016	Baland aylant (Ail a)	Айлант высочайший (Ail a)	Ailanthus altissima (Ail a)			
	http://snomed-info/sct	69545006	"   source-is-narrower-than-target	"	aller-0010-00017	Qandagʻoch (Aln g 1)	Ольха (Aln g 1)	Alder (Aln g 1)			
	http://snomed-info/sct	69545006	"   source-is-narrower-than-target	"	aller-0010-00018	Qandagʻoch (Aln g 4)	Ольха (Aln g 4)	Alder (Aln g 4)			
	http://snomed-info/sct	710898000	"   source-is-narrower-than-target	"	aller-0010-00019	Serbuqoq qayin (Bet v 1)	Берёза повислая (Bet v 1)	Bet v 1			
	http://snomed-info/sct	710898000	"   source-is-narrower-than-target	"	aller-0010-00020	Serbuqoq qayin (Bet v 2)	Берёза повислая (Bet v 2)	Bet v 2			
	http://snomed-info/sct	710898000	"   source-is-narrower-than-target	"	aller-0010-00021	Serbuqoq qayin (Bet v 6)	Берёза повислая (Bet v 6)	Bet v 6			
	http://snomed-info/sct	472732006	"   source-is-narrower-than-target	"	aller-0010-00022	Qogʻozdaraxt (tut) (Bro pa)	Бумажная шелковица (Bro pa)	Paper mulberry (Bro pa)			
	http://snomed-info/sct	387980002	"   source-is-narrower-than-target	"	aller-0010-00023	Oʻrmon yongʻogʻi (Cor a_pollen)	Орешник (Лещина) (Cor a_pollen)	Hazel (Cor a_pollen)			
	http://snomed-info/sct	387980002	"   source-is-narrower-than-target	"	aller-0010-00024	Oʻrmon yongʻogʻi (Cor a 1-0103)	Орешник (Лещина) (Cor a 1-0103)	Hazel (Cor a 1-0103)			
	http://snomed-info/sct	260130000	"   source-is-narrower-than-target	"	aller-0010-00025	Yapon kriptomeriyasi (Cry j 1)	Криптомерия японская (Cry j 1)	Cryptomeria japonica (Cry j 1)			
	http://snomed-info/sct	1268858004	"   source-is-narrower-than-target	"	aller-0010-00026	Sarv (Cup a 1)	Кипарис (Cup a 1)	Cypress (Cup a 1)			
	http://snomed-info/sct	387940006	"   source-is-narrower-than-target	"	aller-0010-00027	Sarv (Cup s)	Кипарис (Cup s)	Cypress (Cup s)			
	http://snomed-info/sct	428572005	"   source-is-narrower-than-target	"	aller-0010-00028	Qoraqayin (Fag s 1)	Бук (Fag s 1)	Beech (Fag s 1)			
	http://snomed-info/sct	1264513008	"   source-is-narrower-than-target	"	aller-0010-00029	Shumtol (Fra e)	Ясень (Fra e)	Ash (Fra e)			
	http://snomed-info/sct	1264513008	"   source-is-narrower-than-target	"	aller-0010-00030	Shumtol (Fra e 1)	Ясень (Fra e 1)	Ash (Fra e 1)			
	http://snomed-info/sct	1264473004	"   source-is-narrower-than-target	"	aller-0010-00031	Yongʻoq changi (Jug r_pollen)	Грецкий орех, пыльца (Jug r_pollen)	Walnut, pollen (Jug r_pollen)			
	http://snomed-info/sct	260142005	"   source-is-narrower-than-target	"	aller-0010-00032	Kedr (Jun a)	Кедр (Jun a)	Cedar (Jun a)			
	http://snomed-info/sct	227434002	"   source-is-narrower-than-target	"	aller-0010-00033	Tut (Mor r)	Шелковица (Mor r)	Mulberry (Mor r)			
	http://snomed-info/sct	387926005	"   source-is-narrower-than-target	"	aller-0010-00034	Zaytun (Ole e 1)	Олива (Ole e 1)	Olive (Ole e 1)			
	http://snomed-info/sct	387926005	"   source-is-narrower-than-target	"	aller-0010-00035	Zaytun (Ole e 9)	Олива (Ole e 9)	Olive (Ole e 9)			
	http://snomed-info/sct	227423000	"   source-is-narrower-than-target	"	aller-0010-00036	Xurmo daraxti (Pho d 2)	Финиковая пальма (Pho d 2)	Date palm (Pho d 2)			
	http://snomed-info/sct	387929003	"   source-is-narrower-than-target	"	aller-0010-00037	Chinor (Pla a 1)	Платан кленолистный (Pla a 1)	Plane maple (Pla a 1)			
	http://snomed-info/sct	387929003	"   source-is-narrower-than-target	"	aller-0010-00038	Chinor (Pla a 2)	Платан кленолистный (Pla a 2)	Plane tree (Pla a 2)			
	http://snomed-info/sct	387929003	"   source-is-narrower-than-target	"	aller-0010-00039	Chinor (Pla a 3)	Платан кленолистный (Pla a 3)	Plane tree (Pla a 3)			
	http://snomed-info/sct	256269005	"   source-is-narrower-than-target	"	aller-0010-00040	Terak (Pop n)	Тополь (Pop n)	Poplar (Pop n)			
	http://snomed-info/sct	1285422007	"   source-is-narrower-than-target	"	aller-0010-00041	Qayragʻoch (Ulm c)	Вяз (Ulm c)	Elm (Ulm c)			
	http://snomed-info/sct	260113002	"   source-is-narrower-than-target	"	aller-0010-00043	Oddiy olabuta (Ama r)	Обыкновенная марь (Ama r)	Common goosefoot (Ama r)			
	http://snomed-info/sct	698721004	"   source-is-narrower-than-target	"	aller-0010-00044	Ambroziya (Amb a)	Амброзия (Amb a)	Ragweed (Amb a)			
	http://snomed-info/sct	698721004	"   source-is-narrower-than-target	"	aller-0010-00045	Ambroziya (Amb a 1)	Амброзия (Amb a 1)	Ragweed (Amb a 1)			
	http://snomed-info/sct	698721004	"   source-is-narrower-than-target	"	aller-0010-00046	Ambroziya (Amb a 4)	Амброзия (Amb a 4)	Ragweed (Amb a 4)			
	http://snomed-info/sct	256293000	"   source-is-narrower-than-target	"	aller-0010-00047	Shuvoq (Art v)	Полынь (Art v)	Wormwood (Art v)			
	http://snomed-info/sct	256293000	"   source-is-narrower-than-target	"	aller-0010-00048	Shuvoq (Art v 1)	Полынь (Art v 1)	Wormwood (Art v 1)			
	http://snomed-info/sct	256293000	"   source-is-narrower-than-target	"	aller-0010-00049	Shuvoq (Art v 3)	Полынь (Art v 3)	Wormwood (Art v 3)			
	http://snomed-info/sct	16292008	"   source-is-narrower-than-target	"	aller-0010-00050	Nasha (Can s)	Конопля (Can s)	Hemp (Can s)			
	http://snomed-info/sct	16292008	"   source-is-narrower-than-target	"	aller-0010-00051	Nasha (Can s 3)	Конопля (Can s 3)	Hemp (Can s 3)			
	http://snomed-info/sct	1285421000	"   source-is-narrower-than-target	"	aller-0010-00052	Oq olabuta (Che a)	Марь белая (Che a)	White goosefoot (Che a)			
	http://snomed-info/sct	1285421000	"   source-is-narrower-than-target	"	aller-0010-00053	Oq olabuta (Che a 1)	Марь белая (Che a 1)	White goosefoot (Che a 1)			
	http://snomed-info/sct	12926008	"   source-is-narrower-than-target	"	aller-0010-00054	Bir yillik prolesnik(Mer a 1)	Пролесник однолетний (Mer a 1)	Annual wood-snow (Mer a 1)			
	http://snomed-info/sct	710904007	"   source-is-narrower-than-target	"	aller-0010-00055	Postennitsa (Par j)	Постенница (Par j)	Wallflower (Par j)			
	http://snomed-info/sct	710904007	"   source-is-narrower-than-target	"	aller-0010-00056	Postennitsa (Par j 2)	Постенница (Par j 2)	Wallflower (Par j 2)			
	http://snomed-info/sct	256294006	"   source-is-narrower-than-target	"	aller-0010-00057	Zubturum (Pla l)	Подорожник (Pla l)	Plantain (Pla l)			
	http://snomed-info/sct	256294006	"   source-is-narrower-than-target	"	aller-0010-00058	Zubturum (Pla l 1)	Подорожник (Pla l 1)	Plantain (Pla l 1)			
	http://snomed-info/sct	260111000	"   source-is-narrower-than-target	"	aller-0010-00059	Shoʻrak (Sal k)	Солянка (Sal k)	Salwort (Sal k)			
	http://snomed-info/sct	260111000	"   source-is-narrower-than-target	"	aller-0010-00060	Shoʻrak (Sal k 1)	Солянка (Sal k 1)	Salwort (Sal k 1)			
	http://snomed-info/sct	256298009	"   source-is-narrower-than-target	"	aller-0010-00061	Gazanda (Urt d)	Крапива (Urt d)	Nettle (Urt d)			
	http://snomed-info/sct	703951002	    source-is-broader-than-target	aller-0010-00064	Amerika uy changi kanasi (Der f 1)	Американский клещ домашней пыли (Der f 1)	American house dust mite (Der f 1)			
	http://snomed-info/sct	703951002	    source-is-broader-than-target	aller-0010-00065	Amerika uy changi kanasi (Der f 2)	Американский клещ домашней пыли (Der f 2)	American house dust mite (Der f 2)			
	http://snomed-info/sct	703952009	"   source-is-narrower-than-target	"	aller-0010-00066	Yevropa uy changi kanasi (Der p 1)	Европейский клещ домашней пыли (Der p 1)	European house dust mite (Der p 1)			
	http://snomed-info/sct	703952009	"   source-is-narrower-than-target	"	aller-0010-00067	Yevropa uy changi kanasi (Der p 2)	Европейский клещ домашней пыли (Der p 2)	European house dust mite (Der p 2)			
	http://snomed-info/sct	703952009	"   source-is-narrower-than-target	"	aller-0010-00068	Yevropa uy changi kanasi (Der p 5)	Европейский клещ домашней пыли (Der p 5)	European house dust mite (Der p 5)			
	http://snomed-info/sct	703952009	"   source-is-narrower-than-target	"	aller-0010-00069	Yevropa uy changi kanasi (Der p 7)	Европейский клещ домашней пыли (Der p 7)	European house dust mite (Der p 7)			
	http://snomed-info/sct	703952009	"   source-is-narrower-than-target	"	aller-0010-00070	Yevropa uy changi kanasi (Der p 10)	Европейский клещ домашней пыли (Der p 10)	European house dust mite (Der p 10)			
	http://snomed-info/sct	703952009	"   source-is-narrower-than-target	"	aller-0010-00071	Yevropa uy changi kanasi (Der p 11)	Европейский клещ домашней пыли (Der p 11)	European house dust mite (Der p 11)			
	http://snomed-info/sct	703952009	"   source-is-narrower-than-target	"	aller-0010-00072	Yevropa uy changi kanasi (Der p 20)	Европейский клещ домашней пыли (Der p 20)	European house dust mite (Der p 20)			
	http://snomed-info/sct	703952009	"   source-is-narrower-than-target	"	aller-0010-00073	Yevropa uy changi kanasi (Der p 21)	Европейский клещ домашней пыли (Der p 21)	European house dust mite (Der p 21)			
	http://snomed-info/sct	703952009	"   source-is-narrower-than-target	"	aller-0010-00074	Yevropa uy changi kanasi (Der p 23)	Европейский клещ домашней пыли (Der p 23)	European house dust mite (Der p 23)			
	http://snomed-info/sct	388231000	    source-is-broader-than-target	aller-0010-00076	Un kanasi (Aca s)	Амбарный или мучной клещ (Acarus siro) (Aca s)	Barn or flour mite (Acarus siro) (Aca s)			
	http://snomed-info/sct	388232007	    source-is-broader-than-target	aller-0010-00077	Uy changi kanasi Blomia tropicalis (Blo t 5)	Клещ домашней пыли Blomia tropicalis (Blo t 5)	House dust mite Blomia tropicalis (Blo t 5)			
	http://snomed-info/sct	388232007	"   source-is-narrower-than-target	"	aller-0010-00078	Uy changi kanasi Blomia tropicalis (Blo t 10)	Клещ домашней пыли Blomia tropicalis (Blo t 10)	House dust mite Blomia tropicalis (Blo t 10)			
	http://snomed-info/sct	388232007	"   source-is-narrower-than-target	"	aller-0010-00079	Uy changi kanasi Blomia tropicalis (Blo t 21)	Клещ домашней пыли Blomia tropicalis (Blo t 21)	House dust mite Blomia tropicalis (Blo t 21)			
	http://snomed-info/sct	388237001	    source-is-broader-than-target	aller-0010-00080	Uy changi kanasi Glycyphagus domesticus (Gly d 2)	Клещ домашней пыли Glycyphagus domesticus (Gly d 2)	House dust mite Glycyphagus domesticus (Gly d 2)			
	http://snomed-info/sct	388238006	"   source-is-narrower-than-target	"	aller-0010-00081	Uy changi kanasi Lepidoglyphus destructor (Lep d 2)	Клещ домашней пыли Lepidoglyphus destructor (Lep d 2)	House dust mite Lepidoglyphus destructor (Lep d 2)			
	http://snomed-info/sct	388239003	"   source-is-narrower-than-target	"	aller-0010-00082	Uy changi kanasi Tyrophagus putrescentiae (Tyr p)(	Клещ домашней пыли Tyrophagus putrescentiae (Tyr p)	House dust mite Tyrophagus putrescentiae (Tyr p)			
	http://snomed-info/sct	388239003	"   source-is-narrower-than-target	"	aller-0010-00083	Uy changi kanasi Tyrophagus putrescentiae (Tyr p 2)	Клещ домашней пыли Tyrophagus putrescentiae (Tyr p 2)	House dust mite Tyrophagus putrescentiae (Tyr p 2)			
	http://snomed-info/sct	447178007	"   source-is-narrower-than-target	"	aller-0010-00086	Xamirturushli zamburugʻ Malassezia sympodialis (Mala s 5)	Дрожжевые грибы рода Malassezia Malassezia sympodialis (Mala s 5)	Yeasts of the genus Malassezia Malassezia sympodialis (Mala s 5)			
	http://snomed-info/sct	447178007	"   source-is-narrower-than-target	"	aller-0010-00087	Xamirturushli zamburugʻ Malassezia sympodialis (Mala s 6)	Дрожжевые грибы рода Malassezia Malassezia sympodialis (Mala s 6)	Yeasts of the genus Malassezia Malassezia sympodialis (Mala s 6)			
	http://snomed-info/sct	447178007	"   source-is-narrower-than-target	"	aller-0010-00088	Xamirturushli zamburugʻ Malassezia sympodialis (Mala s 11)	Дрожжевые грибы рода Malassezia Malassezia sympodialis (Mala s 11)	Yeasts of the genus Malassezia Malassezia sympodialis (Mala s 11)			
	http://snomed-info/sct	58296003	"   source-is-narrower-than-target	"	aller-0010-00089	Novvoylik xamiturushlari (Sac c)	Пекарские дрожжи (Sac c)	Baker's yeast (Sac c)			
	http://snomed-info/sct	36703000	"   source-is-narrower-than-target	"	aller-0010-00091	Alternariya (Alternaria alternata) (Alt a 1)	Альтернария (Alternaria alternata) (Alt a 1)	Alternaria (Alternaria alternata) (Alt a 1)			
	http://snomed-info/sct	36703000	"   source-is-narrower-than-target	"	aller-0010-00092	Alternariya (Alternaria alternata) (Alt a 6)	Альтернария (Alternaria alternata) (Alt a 6)	Alternaria (Alternaria alternata) (Alt a 6)			
	http://snomed-info/sct	32684000	"   source-is-narrower-than-target	"	aller-0010-00093	Tutovchi aspergil (Aspergillus fumigatus) (Asp f 1)	Аспергил дымящий (Aspergillus fumigatus) (Asp f 1)	Aspergillus fumigatus (Asp f 1)			
	http://snomed-info/sct	32684000	"   source-is-narrower-than-target	"	aller-0010-00094	Tutovchi aspergil (Aspergillus fumigatus) (Asp f 3)	Аспергил дымящий (Aspergillus fumigatus) (Asp f 3)	Aspergillus fumigatus (Asp f 3)			
	http://snomed-info/sct	32684000	"   source-is-narrower-than-target	"	aller-0010-00095	Tutovchi aspergil (Aspergillus fumigatus) (Asp f 4)	Аспергил дымящий (Aspergillus fumigatus) (Asp f 4)	Aspergillus fumigatus (Asp f 4)			
	http://snomed-info/sct	32684000	"   source-is-narrower-than-target	"	aller-0010-00096	Tutovchi aspergil (Aspergillus fumigatus) (Asp f 6)	Аспергил дымящий (Aspergillus fumigatus) (Asp f 6)	Aspergillus fumigatus (Asp f 6)			
	http://snomed-info/sct	3459008	"   source-is-narrower-than-target	"	aller-0010-00097	"Кладоспориум гербарум
Cladosporium herbarum (Cla h)"	"Кладоспориум гербарум
Cladosporium herbarum (Cla h)"	"Cladosporium herbarum
Cladosporium herbarum (Cla h)"			
	http://snomed-info/sct	3459008	"   source-is-narrower-than-target	"	aller-0010-00098	"Кладоспориум гербарум
Cladosporium herbarum (Cla h 8)"	"Кладоспориум гербарум
Cladosporium herbarum (Cla h 8)"	"Cladosporium herbarum
Cladosporium herbarum (Cla h 8)"			
	http://snomed-info/sct	24476004	"   source-is-narrower-than-target	"	aller-0010-00099	Олтинранг пенициллин (Penicilium chrysogenum) (Pen ch)	Пенициллин золотистый (Penicilium chrysogenum) (Pen ch)	Penicillium chrysogenum (Pen ch)			
	http://snomed-info/sct	387974005	"   source-is-narrower-than-target	"	aller-0010-00102	Yeryongʻoq (Ara h 1)	Арахис (Ara h 1)	Peanuts (Ara h 1)			
	http://snomed-info/sct	387974005	"   source-is-narrower-than-target	"	aller-0010-00103	Yeryongʻoq (Ara h 2)	Арахис (Ara h 2)	Peanut (Ara h 2)			
	http://snomed-info/sct	387974005	"   source-is-narrower-than-target	"	aller-0010-00104	Yeryongʻoq (Ara h 3)	Арахис (Ara h 3)	Peanut (Ara h 3)			
	http://snomed-info/sct	387974005	"   source-is-narrower-than-target	"	aller-0010-00105	Yeryongʻoq (Ara h 6)	Арахис (Ara h 6)	Peanut (Ara h 6)			
	http://snomed-info/sct	387974005	"   source-is-narrower-than-target	"	aller-0010-00106	Yeryongʻoq (Ara h 8)	Арахис (Ara h 8)	Peanut (Ara h 8)			
	http://snomed-info/sct	387974005	"   source-is-narrower-than-target	"	aller-0010-00107	Yeryongʻoq (Ara h 9)	Арахис (Ara h 9)	Peanut (Ara h 9)			
	http://snomed-info/sct	387974005	"   source-is-narrower-than-target	"	aller-0010-00108	Yeryongʻoq (Ara h 15)	Арахис (Ara h 15)	Peanut (Ara h 15)			
	http://snomed-info/sct	388175009	"   source-is-narrower-than-target	"	aller-0010-00109	Oddiy noʻxat (Cic a)	Нут обыкновенный (Cic a)	Chickpea (Cic a)			
	http://snomed-info/sct	256355007	"   source-is-narrower-than-target	"	aller-0010-00110	Soya loviyasi (Gly m 4)	Соя (Gly m 4)	Soybean (Gly m 4)			
	http://snomed-info/sct	256355007	"   source-is-narrower-than-target	"	aller-0010-00111	Soya loviyasi (Gly m 5)	Соя (Gly m 5)	Soybean (Gly m 5)			
	http://snomed-info/sct	256355007	"   source-is-narrower-than-target	"	aller-0010-00112	Soya loviyasi (Gly m 6)	Соя (Gly m 6)	Soybean (Gly m 6)			
	http://snomed-info/sct	256355007	"   source-is-narrower-than-target	"	aller-0010-00113	Soya loviyasi (Gly m 8)	Соя (Gly m 8)	Soybean (Gly m 8)			
	http://snomed-info/sct	227350006	"   source-is-narrower-than-target	"	aller-0010-00114	Yasmiq (Len c)	Чечевица (Len c)	Lentils (Len c)			
	http://snomed-info/sct	1284970000	"   source-is-narrower-than-target	"	aller-0010-00115	Yashil loviya (Pha v)	Зеленая фасоль (Pha v)	Green beans (Pha v)			
	http://snomed-info/sct	387973004	"   source-is-narrower-than-target	"	aller-0010-00116	Noʻxat (Pis s)	Горох (Pis s)	Peas (Pis s)			
	http://snomed-info/sct	26949008	"   source-is-narrower-than-target	"	aller-0010-00118	Suli (Ave s)	Овес (Ave s)	Oats (Ave s)			
	http://snomed-info/sct	227515004	"   source-is-narrower-than-target	"	aller-0010-00119	Kinoa (Che q)	Киноа (Che q)	Quinoa (Che q)			
	http://snomed-info/sct	387971002	"   source-is-narrower-than-target	"	aller-0010-00120	Oddiy marjumak (Fag e)	Гречиха обыкновенная (Fag e)	Buckwheat (Fag e)			
	http://snomed-info/sct	387971002	"   source-is-narrower-than-target	"	aller-0010-00121	Oddiy marjumak (Fag e 2)	Гречиха обыкновенная (Fag e 2)	Buckwheat (Fag e 2)			
	http://snomed-info/sct	20445003	"   source-is-narrower-than-target	"	aller-0010-00122	Arpa (Hor v)	Ячмень (Hor v)	Barley (Hor v)			
	http://snomed-info/sct	388211004	"   source-is-narrower-than-target	"	aller-0010-00123	Boʻrilukkak urugʻi (Lup a)	Семена люпина (Lup a)	Lupin seeds (Lup a)			
	http://snomed-info/sct	387968005	"   source-is-narrower-than-target	"	aller-0010-00124	Guruch (Ory s)	Рис (Ory s)	Rice (Ory s)			
	http://snomed-info/sct	88672006	"   source-is-narrower-than-target	"	aller-0010-00125	Tariq (Pan m)	Пшено (Pan m)	Millet (Pan m)			
	http://snomed-info/sct	412068007	"   source-is-narrower-than-target	"	aller-0010-00126	Javdar (Sec c_flour)	Рожь (Sec c_flour)	Rye (Sec c_flour)			
	http://snomed-info/sct	412071004	"   source-is-narrower-than-target	"	aller-0010-00127	Boʻgʻdoy (Tri a aA_TI)	Пшеница (Tri a aA_TI)	Wheat (Tri a aA_TI)			
	http://snomed-info/sct	412071004	"   source-is-narrower-than-target	"	aller-0010-00128	Boʻgʻdoy (Tri a 14)	Пшеница (Tri a 14)	Wheat (Tri a 14)			
	http://snomed-info/sct	412071004	"   source-is-narrower-than-target	"	aller-0010-00129	Boʻgʻdoy (Tri a 19)	Пшеница (Tri a 19)	Wheat (Tri a 19)			
	http://snomed-info/sct	412071004	"   source-is-narrower-than-target	"	aller-0010-00130	Spelta boʻgʻdoyi (Tri s)	Пшеница спельта (Tri s)	Spelt wheat (Tri s)			
	http://snomed-info/sct	412357001	"   source-is-narrower-than-target	"	aller-0010-00131	Makkajoʻhori (Zea m)	Кукуруза (Zea m)	Corn (Zea m)			
	http://snomed-info/sct	412357001	"   source-is-narrower-than-target	"	aller-0010-00132	Makkajoʻhori (Zea m 14)	Кукуруза (Zea m 14)	Corn (Zea m 14)			
	http://snomed-info/sct	227408005	"   source-is-narrower-than-target	"	aller-0010-00134	Paprika (Cap a)	Паприка (Cap a)	Paprika (Cap a)			
	http://snomed-info/sct	227381002	"   source-is-narrower-than-target	"	aller-0010-00135	Oddiy zira (Car c)	Тмин обикновенный (Car c)	Caraway (Car c)			
	http://snomed-info/sct	227407000	"   source-is-narrower-than-target	"	aller-0010-00136	Oregano (Ori v)	Орегано (Ori v)	Oregano (Ori v)			
	http://snomed-info/sct	735048005	"   source-is-narrower-than-target	"	aller-0010-00137	Maydanoz (Pet c)	Петрушка (Pet c)	Parsley (Pet c)			
	http://snomed-info/sct	227376006	"   source-is-narrower-than-target	"	aller-0010-00138	Arpabodiyon (Pim a)	Анис (Pim a)	Anise (Pim a)			
	http://snomed-info/sct	51905005	"   source-is-narrower-than-target	"	aller-0010-00139	Xantal (Sin)	Горчица (Sin)	Mustard (Sin)			
	http://snomed-info/sct	51905005	"   source-is-narrower-than-target	"	aller-0010-00140	Xantal (Sin a 1)	Горчица (Sin a 1)	Mustard (Sin a 1)			
	http://snomed-info/sct	422662008	"   source-is-narrower-than-target	"	aller-0010-00142	Kivi (Act d 1)	Киви (Act d 1)	Kiwi (Act d 1)			
	http://snomed-info/sct	422662008	"   source-is-narrower-than-target	"	aller-0010-00143	Kivi (Act d 2)	Киви (Act d 2)	Kiwi (Act d 2)			
	http://snomed-info/sct	422662008	"   source-is-narrower-than-target	"	aller-0010-00144	Kivi (Act d 5)	Киви (Act d 5)	Kiwi (Act d 5)			
	http://snomed-info/sct	422662008	"   source-is-narrower-than-target	"	aller-0010-00145	Kivi (Act d 10)	Киви (Act d 10)	Kiwi (Act d 10)			
	http://snomed-info/sct	735212003	"   source-is-narrower-than-target	"	aller-0010-00146	Papayya (Car p)	Папайя (Car p)	Papaya (Car p)			
	http://snomed-info/sct	256306003	"   source-is-narrower-than-target	"	aller-0010-00147	Apelsin (Cit s)	Апельсин (Cit s)	Orange (Cit s)			
	http://snomed-info/sct	1264568007	"   source-is-narrower-than-target	"	aller-0010-00148	Qovun (Cuc m 2)	Дыня (Cuc m 2)	Melon (Cuc m 2)			
	http://snomed-info/sct	227425007	"   source-is-narrower-than-target	"	aller-0010-00149	Anjir (Fic c)	Инжир (Fic c)	Fig (Fic c)			
	http://snomed-info/sct	102261002	"   source-is-narrower-than-target	"	aller-0010-00150	Qulupnay (Fra a 1+3)	Клубника (Fra a 1+3)	Strawberry (Fra a 1+3)			
	http://snomed-info/sct	67505008	"   source-is-narrower-than-target	"	aller-0010-00151	Olma (Mal d 1)	Яблоко (Mal d 1)	Apple (Mal d 1)			
	http://snomed-info/sct	67505008	"   source-is-narrower-than-target	"	aller-0010-00152	Olma (Mal d 2)	Яблоко (Mal d 2)	Apple (Mal d 2)			
	http://snomed-info/sct	67505008	"   source-is-narrower-than-target	"	aller-0010-00153	Olma (Mal d 3)	Яблоко (Mal d 3)	Apple (Mal d 3)			
	http://snomed-info/sct	1264563003	"   source-is-narrower-than-target	"	aller-0010-00154	Mango (Man i)	Манго (Man i)	Mango (Man i)			
	http://snomed-info/sct	256307007	"   source-is-narrower-than-target	"	aller-0010-00155	Banan (Mus a)	Банан (Mus a)	Banana (Mus a)			
	http://snomed-info/sct	735249009	"   source-is-narrower-than-target	"	aller-0010-00156	Avokado (Pers a)	Авокадо (Pers a)	Avocado (Pers a)			
	http://snomed-info/sct	735248001	"   source-is-narrower-than-target	"	aller-0010-00157	Gilos (Pru av)	Вишня (Pru av)	Cherry (Pru av)			
	http://snomed-info/sct	75618005	"   source-is-narrower-than-target	"	aller-0010-00158	Shaftoli (Pru p 3)	Персик (Pru p 3)	Peach (Pru p 3)			
	http://snomed-info/sct	735050002	"   source-is-narrower-than-target	"	aller-0010-00159	Nok (Pyr c)	Груша (Pyr c)	Pear (Pyr c)			
	http://snomed-info/sct	412061001	"   source-is-narrower-than-target	"	aller-0010-00160	Buta mevasi (chernika) (Vac m)	Черника (Vac m)	Blueberry (Vac m)			
	http://snomed-info/sct	256317002	"   source-is-narrower-than-target	"	aller-0010-00161	Uzum (Vit v 1)	Виноград (Vit v 1)	Grapes (Vit v 1)			
	http://snomed-info/sct	735047000	"   source-is-narrower-than-target	"	aller-0010-00163	Piyoz (All c)	Лук (All c)	Onion (All c)			
	http://snomed-info/sct	735030001	"   source-is-narrower-than-target	"	aller-0010-00164	Sarimsoqpiyoz (All s)	Чеснок (All s)	Garlic (All s)			
	http://snomed-info/sct	256326004	"   source-is-narrower-than-target	"	aller-0010-00165	Selderey (Api g 1)	Сельдерей (Api g 1)	Celery (Api g 1)			
	http://snomed-info/sct	256326004	"   source-is-narrower-than-target	"	aller-0010-00166	Selderey (Api g 2)	Сельдерей (Api g 2)	Celery (Api g 2)			
	http://snomed-info/sct	256326004	"   source-is-narrower-than-target	"	aller-0010-00167	Selderey (Api g 6)	Сельдерей (Api g 6)	Celery (Api g 6)			
	http://snomed-info/sct	387988009	"   source-is-narrower-than-target	"	aller-0010-00168	Sabzi (Dau c)	Морковь (Dau c)	Carrot (Dau c)			
	http://snomed-info/sct	387988009	"   source-is-narrower-than-target	"	aller-0010-00169	Sabzi (Dau c 1)	Морковь (Dau c 1)	Carrot (Dau c 1)			
	http://snomed-info/sct	735053000	"   source-is-narrower-than-target	"	aller-0010-00170	Kartoshka (Sol t)	Картофель (Sol t)	Potato (Sol t)			
	http://snomed-info/sct	392551007	"   source-is-narrower-than-target	"	aller-0010-00171	Pomidor (Sola l)	Помидор (Sola l)	Tomato (Sola l)			
	http://snomed-info/sct	392551007	"   source-is-narrower-than-target	"	aller-0010-00172	Pomidor (Sola l 6)	Помидор (Sola l 6)	Tomato (Sola l 6)			
	http://snomed-info/sct	388050007	"   source-is-narrower-than-target	"	aller-0010-00174	Hind yongʻogʻi (keshyu) (Ana o)	Кешью (Ana o)	Cashew (Ana o)			
	http://snomed-info/sct	388050007	"   source-is-narrower-than-target	"	aller-0010-00175	Hind yongʻogʻi (keshyu) (Ana o 2)	Кешью (Ana o 2)	Cashew (Ana o 2)			
	http://snomed-info/sct	388050007	"   source-is-narrower-than-target	"	aller-0010-00176	Hind yongʻogʻi (keshyu) (Ana o 3)	Кешью (Ana o 3)	Cashew (Ana o 3)			
	http://snomed-info/sct	387981003	"   source-is-narrower-than-target	"	aller-0010-00177	Braziliya yongʻogʻi (Ber e)	Бразильский орех (Ber e)	Brazil nut (Ber e)			
	http://snomed-info/sct	387981003	"   source-is-narrower-than-target	"	aller-0010-00178	Braziliya yongʻogʻi (Ber e 1)	Бразильский орех (Ber e 1)	Brazil nut (Ber e 1)			
	http://snomed-info/sct	708108002	"   source-is-narrower-than-target	"	aller-0010-00179	Pekan yongʻogʻi (Car i)	Пекан, орех (Car i)	Pecan, nut (Car i)			
	http://snomed-info/sct	387980002	"   source-is-narrower-than-target	"	aller-0010-00180	Funduk yongʻogʻi (Cor a 1-0401)	Фундук (Cor a 1-0401)	Hazelnut (Cor a 1-0401)			
	http://snomed-info/sct	387980002	"   source-is-narrower-than-target	"	aller-0010-00181	Funduk yongʻogʻi (Cor a 8)	Фундук (Cor a 8)	Hazelnut (Cor a 8)			
	http://snomed-info/sct	387980002	"   source-is-narrower-than-target	"	aller-0010-00182	Funduk yongʻogʻi (Cor a 9)	Фундук (Cor a 9)	Hazelnut (Cor a 9)			
	http://snomed-info/sct	387980002	"   source-is-narrower-than-target	"	aller-0010-00183	Funduk yongʻogʻi (Cor a 11)	Фундук (Cor a 11)	Hazelnut (Cor a 11)			
	http://snomed-info/sct	387980002	"   source-is-narrower-than-target	"	aller-0010-00184	Funduk yongʻogʻi (Cor a 14)	Фундук (Cor a 14)	Hazelnut (Cor a 14)			
	http://snomed-info/sct	1264473004	"   source-is-narrower-than-target	"	aller-0010-00185	Gretsiya yongʻogʻi (Jug r 1)	Грецкий орех (Jug r 1)	Walnut (Jug r 1)			
	http://snomed-info/sct	1264473004	"   source-is-narrower-than-target	"	aller-0010-00186	Gretsiya yongʻogʻi (Jug r 2)	Грецкий орех (Jug r 2)	Walnut (Jug r 2)			
	http://snomed-info/sct	1264473004	"   source-is-narrower-than-target	"	aller-0010-00187	Gretsiya yongʻogʻi (Jug r 3)	Грецкий орех (Jug r 3)	Walnut (Jug r 3)			
	http://snomed-info/sct	1264473004	"   source-is-narrower-than-target	"	aller-0010-00188	Gretsiya yongʻogʻi (Jug r 4)	Грецкий орех (Jug r 4)	Walnut (Jug r 4)			
	http://snomed-info/sct	1264473004	"   source-is-narrower-than-target	"	aller-0010-00189	Gretsiya yongʻogʻi (Jug r 6)	Грецкий орех (Jug r 6)	Walnut (Jug r 6)			
	http://snomed-info/sct	708776008	"   source-is-narrower-than-target	"	aller-0010-00190	Makadamiya yongʻogʻi (Mac i 2S Albumin)	Орех макадамия Mac i 2S Albumin)	Macadamia nut Mac i 2S Albumin)			
	http://snomed-info/sct	708776008	"   source-is-narrower-than-target	"	aller-0010-00191	Makadamiya yongʻogʻi (Mac inte)	Орех макадамия (Mac inte)	Macadamia nut (Mac inte)			
	http://snomed-info/sct	388052004	"   source-is-narrower-than-target	"	aller-0010-00192	Pistalar (Pis v 1)	Фисташки (Pis v 1)	Pistachio (Pis v 1)			
	http://snomed-info/sct	388052004	"   source-is-narrower-than-target	"	aller-0010-00193	Pistalar (Pisv 2)	Фисташки (Pis v 2)	Pistachio (Pis v 2)			
	http://snomed-info/sct	388052004	"   source-is-narrower-than-target	"	aller-0010-00194	Pistalar (Pis v 3)	Фисташки (Pis v 3)	Pistachio (Pis v 3)			
	http://snomed-info/sct	708783001	"   source-is-narrower-than-target	"	aller-0010-00195	Bodom (Pru du)	Миндаль (Pru du)	Almond (Pru du)			
	http://snomed-info/sct	227514000	"   source-is-narrower-than-target	"	aller-0010-00197	Qovoq urugʻi (Cuc p)	Семена тыквы (Cuc p)	Pumpkin seeds (Cuc p)			
	http://snomed-info/sct	387913006	"   source-is-narrower-than-target	"	aller-0010-00198	Kungaboqar urugʻi (Hel a)	Семена подсолнечника (Hel a)	Sunflower seeds (Hel a)			
	http://snomed-info/sct	388082005	"   source-is-narrower-than-target	"	aller-0010-00199	Koʻknor urugʻi (Pap s)	Мак (Pap s)	Poppy seeds (Pap s)			
	http://snomed-info/sct	388082005	"   source-is-narrower-than-target	"	aller-0010-00200	Koʻknor urugʻi (Pap s 2S Albumin)	Мак (Pap s 2S Albumin)	Poppy seeds (Pap s 2S Albumin)			
	http://snomed-info/sct	387969002	"   source-is-narrower-than-target	"	aller-0010-00201	Kunjut (Ses i)	Кунжут (Ses i)	Sesame (Ses i)			
	http://snomed-info/sct	387969002	"   source-is-narrower-than-target	"	aller-0010-00202	Kunjut (Ses i 1)	Кунжут (Ses i 1)	Sesame (Ses i 1)			
	http://snomed-info/sct	227398002	"   source-is-narrower-than-target	"	aller-0010-00203	Fenugrek urugʻi (Tri fo)	Семена пажитника (Tri fo)	Fenugreek seeds (Tri fo)			
	http://snomed-info/sct	3718001	"   source-is-narrower-than-target	"	aller-0010-00206	Sigir suti (Bos d_milk)	Коровье молоко (Bos d_milk)	Cow's milk (Bos d_milk)			
	http://snomed-info/sct	3718001	"   source-is-narrower-than-target	"	aller-0010-00207	Sigir suti (Bos d 4)	Коровье молоко (Bos d 4)	Cow's milk (Bos d 4)			
	http://snomed-info/sct	3718001	"   source-is-narrower-than-target	"	aller-0010-00208	Sigir suti (Bos d 5)	Коровье молоко (Bos d 5)	Cow's milk (Bos d 5)			
	http://snomed-info/sct	3718001	"   source-is-narrower-than-target	"	aller-0010-00209	Sigir suti (Bos d 8)	Коровье молоко (Bos d 8)	Cow's milk			
	http://snomed-info/sct	70813002	   source-is-broader-than-target	aller-0010-00210	Tuya suti (Cam d)	Верблюжье молоко (Cam d)	Camel milk (Cam d)			
	http://snomed-info/sct	83595008	"   source-is-narrower-than-target	"	aller-0010-00211	Echki suti (Cap h_milk)	Козье молоко (Cap h_milk)	Goat milk (Cap h_milk)			
	http://snomed-info/sct	710181002	   source-is-broader-than-target	aller-0010-00212	Baytal (ot) suti (qimiz) (Equ c_milk)	Кобылье молоко (Equ c_milk)	Mare's milk (Equ c_milk)			
	http://snomed-info/sct	226791004	"   source-is-narrower-than-target	"	aller-0010-00213	Qoʻy suti (Ovi a_milk)	Овечье молоко (Ovi a_milk)	Sheep milk (Ovi a_milk)			
	http://snomed-info/sct	256443002	"   source-is-narrower-than-target	"	aller-0010-00215	Tuxum oqsili (Gal d_white)	Яичный белок (Gal d_white)	Egg white (Gal d_white)			
	http://snomed-info/sct	256442007	"   source-is-narrower-than-target	"	aller-0010-00216	Tuxum sarigʻi (Gal d_yolk)	Яичный желток (Gal d_yolk)	Egg yolk (Gal d_yolk)			
	http://snomed-info/sct	256443002	"   source-is-narrower-than-target	"	aller-0010-00217	Tuxum oqsili (Gal d 1)	Яичный белок (Gal d 1)	Egg white (Gal d 1)			
	http://snomed-info/sct	256443002	"   source-is-narrower-than-target	"	aller-0010-00218	Tuxum oqsili (Gal d 2)	Яичный белок (Gal d 2)	Egg white (Gal d 2)			
	http://snomed-info/sct	256443002	"   source-is-narrower-than-target	"	aller-0010-00219	Tuxum oqsili (Gal d 3)	Яичный белок (Gal d 3)	Egg white (Gal d 3)			
	http://snomed-info/sct	256443002	"   source-is-narrower-than-target	"	aller-0010-00220	Tuxum oqsili (Gal d 4)	Яичный белок (Gal d 4)	Egg white (Gal d 4)			
	http://snomed-info/sct	256442007	"   source-is-narrower-than-target	"	aller-0010-00221	Tuxum sarigʻi (Gal d 5)	Яичный желток (Gal d 5)	Egg yolk (Gal d 5)			
	http://snomed-info/sct	3706005	"   source-is-narrower-than-target	"	aller-0010-00223	Seld baligʻi qurti (Ani s 1)	Сельдиной черв (Ani s 1)	Herring worm (Ani s 1)			
	http://snomed-info/sct	3706005	"   source-is-narrower-than-target	"	aller-0010-00224	Seld baligʻi qurti (Ani s 3)	Сельдяной черв (Ani s 3)	Herring worm (Ani s 3)			
	http://snomed-info/sct	736159005	"   source-is-narrower-than-target	"	aller-0010-00225	Krab (Chi spp-)	Краб (Chi spp-)	Crab (Chi spp-)			
	http://snomed-info/sct	17278005	"   source-is-narrower-than-target	"	aller-0010-00226	Atlantika seld baligʻi (Clu h)	Сельд атлантическая (Clu h)	Atlantic herring (Clu h)			
	http://snomed-info/sct	17278005	"   source-is-narrower-than-target	"	aller-0010-00227	Atlantika seld baligʻi (Clu h 1)	Сельд атлантическая (Clu h 1)	Atlantic herring (Clu h 1)			
	http://snomed-info/sct	278840001	"   source-is-narrower-than-target	"	aller-0010-00228	Oddiy krevetka (Cra c 6)	Обқкновенная креветка (Cra c 6)	Common shrimp (Cra c 6)			
	http://snomed-info/sct	3676004	"   source-is-narrower-than-target	"	aller-0010-00229	Karp (Cyp c 1)	Карп (Cyp c 1)	Carp (Cyp c 1)			
	http://snomed-info/sct	55264007	"   source-is-narrower-than-target	"	aller-0010-00230	Atlantika treska baligʻi (Gad m)	Атлантическая треска (Gad m)	Atlantic cod (Gad m)			
	http://snomed-info/sct	55264007	"   source-is-narrower-than-target	"	aller-0010-00231	Atlantika treska baligʻi (Gad m 2+3)	Атлантическая треска (Gad m 2+3)	Atlantic cod (Gad m 2+3)			
	http://snomed-info/sct	55264007	"   source-is-narrower-than-target	"	aller-0010-00232	Atlantika treska baligʻi (Gad m 1)	Атлантическая треска (Gad m 1)	Atlantic cod (Gad m 1)			
	http://snomed-info/sct	9907001	"   source-is-narrower-than-target	"	aller-0010-00233	Omar (Hom g)	Омар (Hom g)	Lobster (Hom g)			
	http://snomed-info/sct	227433008	"   source-is-narrower-than-target	"	aller-0010-00234	Krevetka (Lit s)	Креветка (Lit s)	Shrimp (Lit s)			
	http://snomed-info/sct	735006003	"   source-is-narrower-than-target	"	aller-0010-00235	Kalmar (Lol spp-)	Кальмар (Lol spp-)	Squid (Lol spp-)			
	http://snomed-info/sct	387991009	"   source-is-narrower-than-target	"	aller-0010-00236	Yeyishli midiya (Myt e)	Мидия съедобная (Myt e)	Edible mussel (Myt e)			
	http://snomed-info/sct	90014002	"   source-is-narrower-than-target	"	aller-0010-00237	Ustritsa (Ost e)	Устрица (Ost e)	Oyster (Ost e)			
	http://snomed-info/sct	387984006	"   source-is-narrower-than-target	"	aller-0010-00238	Shimoliy krevetka (Pan b)	Северная креветка (Pan b)	Northern shrimp (Pan b)			
	http://snomed-info/sct	736027000	"   source-is-narrower-than-target	"	aller-0010-00239	Dengiz chigʻanogʻi (Pec spp-)	Морской гребешок (Pec spp-)	Scallop (Pec spp-)			
	http://snomed-info/sct	420525009	"   source-is-narrower-than-target	"	aller-0010-00240	Qora yoʻlbarssimon krevetka (Pen m 1)	Черная тигровая креветка (Pen m 1)	Black tiger shrimp (Pen m 1)			
	http://snomed-info/sct	420525009	"   source-is-narrower-than-target	"	aller-0010-00241	Qora yoʻlbarssimon krevetka (Pen m 2)	Черная тигровая креветка (Pen m 2)	Black tiger shrimp (Pen m 2)			
	http://snomed-info/sct	420525009	"   source-is-narrower-than-target	"	aller-0010-00242	Qora yoʻlbarssimon krevetka (Pen m 3)	Черная тигровая креветка (Pen m 3)	Black tiger shrimp (Pen m 3)			
	http://snomed-info/sct	420525009	"   source-is-narrower-than-target	"	aller-0010-00243	Qora yoʻlbarssimon krevetka (Pen m 4)	Черная тигровая креветка (Pen m 4)	Black tiger shrimp (Pen m 4)			
	http://snomed-info/sct	82211005	"   source-is-narrower-than-target	"	aller-0010-00244	Dengiz tulkisi yoki tikanli skat (Raj c)	Морская лисица или колючий (Raj c)	Thresher or spiny (Raj c)			
	http://snomed-info/sct	82211005	"   source-is-narrower-than-target	"	aller-0010-00245	Dengiz tulkisi yoki tikanli skat (Raj c Parvalbumin)	Морская лисица или колючий скат (Raj c Parvalbumin)	Thresher or spiny ray (Raj c Parvalbumin)			
	http://snomed-info/sct	54787006	"   source-is-narrower-than-target	"	aller-0010-00246	Mollyuska (Rud spp-)	Моллюск Rud spp-)	Shellfish Rud spp-)			
	http://snomed-info/sct	39947003	"   source-is-narrower-than-target	"	aller-0010-00247	Losos (Sal s)	Лосось (Sal s)	Salmon (Sal s)			
	http://snomed-info/sct	39947003	"   source-is-narrower-than-target	"	aller-0010-00248	Losos (Sal s 1)	Лосось (Sal s 1)	Salmon (Sal s) 1)			
	http://snomed-info/sct	86980008	"   source-is-narrower-than-target	"	aller-0010-00249	Atlantika skumboriya baligʻi (Sco s)	Атлантическая скумбрия (Sco s)	Atlantic mackerel (Sco s)			
	http://snomed-info/sct	86980008	"   source-is-narrower-than-target	"	aller-0010-00250	Atlantika skumbriya baligʻi (Sco s)	Атлантическая скумбрия (Sco s 1)	Atlantic mackerel (Sco s 1)			
	http://snomed-info/sct	70716001	"   source-is-narrower-than-target	"	aller-0010-00251	Tunes (Thu a)	Тунец (Thu a)	Tuna (Thu a)			
	http://snomed-info/sct	70716001	"   source-is-narrower-than-target	"	aller-0010-00252	Tunes (Thu a 1)	Тунец (Thu a 1)	Tuna (Thu a 1)			
	http://snomed-info/sct	80162008	"   source-is-narrower-than-target	"	aller-0010-00253	Qilich baliq (Xip g 1)	Рыба-меч (Xip g 1)	Swordfish (Xip g 1)			
	http://snomed-info/sct	89817000	"   source-is-narrower-than-target	"	aller-0010-00255	Uy chigirtkasi (Ach d)	Сверчок домовой (Ach d)	House cricket (Ach d)			
	http://snomed-info/sct	226916002	"   source-is-narrower-than-target	"	aller-0010-00256	Mol goʻshti (Bos d_meat)	Говядина (Bos d_meat)	Beef (Bos d_meat)			
	http://snomed-info/sct	226916002	"   source-is-narrower-than-target	"	aller-0010-00257	Mol goʻshti (Bos d 6)	Говядина (Bos d 6)	Beef (Bos d 6)			
	http://snomed-info/sct	710171001	"   source-is-narrower-than-target	"	aller-0010-00258	Ot goʻshti (Equ c_meat)	Конина (Equ c_meat)	Horse meat (Equ c_meat)			
	http://snomed-info/sct	226955001	"   source-is-narrower-than-target	"	aller-0010-00259	Tovuq goʻshti (Gal d_meat)	Курятина (Gal d_meat)	Chicken (Gal d_meat)			
	http://snomed-info/sct	13807007	"   source-is-narrower-than-target	"	aller-0010-00260	Koʻchmanchi chigirtka (Loc m)	Перелетная саранча (Loc m)	Migratory locust (Loc m)			
	http://snomed-info/sct	226967004		aller-0010-00261	Kurka goʻshti (Mel g)	Индюшатина (Mel g)	Turkey (Mel g)			
	http://snomed-info/sct	710183004	"   source-is-narrower-than-target	"	aller-0010-00262	Quyon goʻshti (Ory_meat)	Кролятина (Ory_meat)	Rabbit (Ory_meat)			
	http://snomed-info/sct	226942002	"   source-is-narrower-than-target	"	aller-0010-00263	Qoʻy goʻshti (Ovi a_meat)	Баранина (Ovi a_meat)	Lamb (Ovi a_meat)			
	http://snomed-info/sct	226934003	     source-is-broader-than-target	aller-0010-00264	Choʻchqa goʻshti (Sus d_meat)	Свинина (Sus d_meat)	Pork (Sus d_meat)			
	http://snomed-info/sct	226934003	"   source-is-narrower-than-target	"	aller-0010-00265	Choʻchqa goʻshti (Sus d 1)	Свинина (Sus d 1)	Pork (Sus d 1)			
	http://snomed-info/sct	22085009	"   source-is-narrower-than-target	"	aller-0010-00266	Katta un qoʻngʻizi (Ten m)	Большой мучной хрущак Ten m)	Large mealworm Ten m)			
	http://snomed-info/sct	54688007	"   source-is-narrower-than-target	"	aller-0010-00269	Olovli chumoli (Sol spp-)	Огненный муравей (Sol spp-)	Fire ant (Sol spp-)			
	http://snomed-info/sct	46266008	"   source-is-narrower-than-target	"	aller-0010-00271	Asalari (Api m)	Пчела медоносная (Api m)	Honey bee (Api m)			
	http://snomed-info/sct	46266008	"   source-is-narrower-than-target	"	aller-0010-00272	Asalari (Api m 1)	Пчела медоносная (Api m 1)	Honey bee (Api m 1)			
	http://snomed-info/sct	46266008	"   source-is-narrower-than-target	"	aller-0010-00273	Asalari (Api m 10)	Пчела медоносная (Api m 10)	Honey bee (Api m 10)			
	http://snomed-info/sct	261356007	"   source-is-narrower-than-target	"	aller-0010-00275	Sakson arisi (Dol spp)	Оса саксонская (Dol spp)	Saxon wasp (Dol spp)			
	http://snomed-info/sct	261356007	"   source-is-narrower-than-target	"	aller-0010-00276	Qogʻoz ari (Pol d)	Оса бумажная (Pol d)	Paper wasp (Pol d)			
	http://snomed-info/sct	261356007	"   source-is-narrower-than-target	"	aller-0010-00277	Qogʻoz ari (Pol d 5)	Оса бумажная (Pol d 5)	Paper wasp (Pol d 5)			
	http://snomed-info/sct	45458006	"   source-is-narrower-than-target	"	aller-0010-00278	Oddiy ari (Ves v)	Оса обыкновенная (Ves v)	Common wasp (Ves v)			
	http://snomed-info/sct	45458006	"   source-is-narrower-than-target	"	aller-0010-00279	Oddiy ari (Ves v 1)	Оса обыкновенная (Ves v 1)	Common wasp (Ves v 1)			
	http://snomed-info/sct	45458006	"   source-is-narrower-than-target	"	aller-0010-00280	Oddiy ari (Ves v 5)	Оса обыкновенная (Ves v 5)	Common wasp (Ves v 5)			
	http://snomed-info/sct	8062001	"   source-is-narrower-than-target	"	aller-0010-00282	Nemes suvaragi (Bla g 1)	Немецкий таракан (Bla g 1)	German cockroach (Bla g 1)			
	http://snomed-info/sct	8062001	"   source-is-narrower-than-target	"	aller-0010-00283	Nemes suvaragi (Bla g 2)	Немецкий таракан (Bla g 2)	German cockroach (Bla g 2)			
	http://snomed-info/sct	8062001	"   source-is-narrower-than-target	"	aller-0010-00284	Nemes suvaragi (Bla g 4)	Немецкий таракан (Bla g 4)	German cockroach (Bla g 4)			
	http://snomed-info/sct	8062001	"   source-is-narrower-than-target	"	aller-0010-00285	Nemes suvaragi (Bla g 5)	Немецкий таракан (Bla g 5)	German cockroach (Bla g 5)			
	http://snomed-info/sct	8062001	"   source-is-narrower-than-target	"	aller-0010-00286	Nemes suvaragi (Bla g 9)	Немецкий таракан (Bla g 9)	German cockroach (Bla g 9)			
	http://snomed-info/sct	8985003	"   source-is-narrower-than-target	"	aller-0010-00287	Amerika suvaragi (Per a)	Американский таракан (Per a)	American cockroach (Per a)			
	http://snomed-info/sct	8985003	"   source-is-narrower-than-target	"	aller-0010-00288	Amerika suvaragi (Per a 7)	Американский таракан (Per a 7)	American cockroach (Per a 7)			
	http://snomed-info/sct	106969009	"   source-is-narrower-than-target	"	aller-0010-00291	It (Can f_Fd1)	Собака (Can f_Fd1)	Dog (Can f_Fd1)			
	http://snomed-info/sct	106969009	     source-is-broader-than-target	aller-0010-00292	It siydigi (shu jumladan Can f 5) (Can f_male urine)	Моча собаки (вкл- Can f 5) (Can f_male urine)	Dog urine (incl- Can f 5) (Can f_male urine)			
	http://snomed-info/sct	106969009	"   source-is-narrower-than-target	"	aller-0010-00293	It (Can f1	Собака (Can f 1)	Dog (Can f 1)			
	http://snomed-info/sct	106969009	"   source-is-narrower-than-target	"	aller-0010-00294	It (Can f 2	Собака (Can f 1)	Dog (Can f 2)			
	http://snomed-info/sct	106969009	"   source-is-narrower-than-target	"	aller-0010-00295	It (Can f 3	Собака (Can f 3)	Dog (Can f 3)			
	http://snomed-info/sct	106969009	"   source-is-narrower-than-target	"	aller-0010-00296	It (Can f 4	Собака (Can f 4)	Dog (Can f 4)			
	http://snomed-info/sct	106969009	"   source-is-narrower-than-target	"	aller-0010-00297	It (Can f 6	Собака (Can f 6)	Dog (Can f 6)			
	http://snomed-info/sct	125076001	"   source-is-narrower-than-target	"	aller-0010-00298	Dengiz choʻchqasi (Cav p 1)	Морская свинка (Cav p 1)	Guinea pig (Cav p 1)			
	http://snomed-info/sct	388618001	"   source-is-narrower-than-target	"	aller-0010-00299	Mushuk (Fel d 1)	Кот (Fel d 1)	Cat (Fel d 1)			
	http://snomed-info/sct	388618001	"   source-is-narrower-than-target	"	aller-0010-00300	Mushuk (Fel d 2)	Кот (Fel d 2)	Cat (Fel d 2)			
	http://snomed-info/sct	388618001	"   source-is-narrower-than-target	"	aller-0010-00301	Mushuk (Fel d 4)	Кот (Fel d 4)	Cat (Fel d 4)			
	http://snomed-info/sct	388618001	"   source-is-narrower-than-target	"	aller-0010-00302	Mushuk (Fel d 7)	Кот (Fel d 7)	Cat (Fel d 7)			
	http://snomed-info/sct	447612001	"   source-is-narrower-than-target	"	aller-0010-00303	Uy sichqoni epiteliyasi (Mus m 1)	Мышь домашняя, эпидермис (Mus m 1)	House mouse, epidermis (Mus m 1)			
	http://snomed-info/sct	88818001	"   source-is-narrower-than-target	"	aller-0010-00304	Quyon epiteliyasi (Ory c 1)	Кролик, эпителий (Ory c 1)	Rabbit, epithelium (Ory c 1)			
	http://snomed-info/sct	88818001	"   source-is-narrower-than-target	"	aller-0010-00305	Quyon epiteliyasi (Ory c 2)	Кролик, эпителий (Ory c 2)	Rabbit, epithelium (Ory c 2)			
	http://snomed-info/sct	88818001	"   source-is-narrower-than-target	"	aller-0010-00306	Quyon epiteliyasi (Ory c 3)	Кролик, эпителий (Ory c 3)	Rabbit, epithelium (Ory c 3)			
	http://snomed-info/sct	392390005	"   source-is-narrower-than-target	"	aller-0010-00307	Djungar ogʻmaxoni (Phod s 1)	Джунгарский хомяк (Phod s 1)	Djungarian hamster (Phod s 1)			
	http://snomed-info/sct	256422003	"   source-is-narrower-than-target	"	aller-0010-00308	Kalamush epiteliyasi (Rat n)	Крыса, эпителий (Rat n)	Rat, epithelium (Rat n)			
	http://snomed-info/sct	256410001	"   source-is-narrower-than-target	"	aller-0010-00310	Sigir epiteliyasi (Bos d 2)	Корова, эпителий (Bos d 2)	Cow, epithelium (Bos d 2)			
	http://snomed-info/sct	256413004	"   source-is-narrower-than-target	"	aller-0010-00311	Echki epiteliyasi (Cap h_epithelia)	Коза, эпителий (Cap h_epithelia)	Goat, epithelium (Cap h_epithelia)			
	http://snomed-info/sct	256418008	"   source-is-narrower-than-target	"	aller-0010-00312	Ot epiteliyasi (Equ c 1)	Лошадь, эпителий (Equ c 1)	Horse, epithelium (Equ c 1)			
	http://snomed-info/sct	256418008	"   source-is-narrower-than-target	"	aller-0010-00313	Ot epiteliyasi (Equ c 3)	Лошадь, эпителий (Equ c 3)	Horse, epithelium (Equ c 3)			
	http://snomed-info/sct	256418008	"   source-is-narrower-than-target	"	aller-0010-00314	Ot epiteliyasi (Equ c 4)	Лошадь, эпителий (Equ c 4)	Horse, epithelium (Equ c 4)			
	http://snomed-info/sct	260162002	"   source-is-narrower-than-target	"	aller-0010-00315	Qoʻy epiteliyasi (Ovi a_epithelia)	Овца, эпителий (Ovi a_epithelia)	Sheep, epithelium (Ovi a_epithelia)			
	http://snomed-info/sct	256420006	"   source-is-narrower-than-target	"	aller-0010-00316	Choʻchqa epiteliyasi (Sus d_epithelia)	Свинья, эпителий (Sus d_epithelia)	Pig, epithelium (Sus d_epithelia)			
	http://snomed-info/sct	1003751008	"   source-is-narrower-than-target	"	aller-0010-00319	Lateks (Hev b 1)	Латекс (Hev b 1)	Latex (Hev b 1)			
	http://snomed-info/sct	1003751008	"   source-is-narrower-than-target	"	aller-0010-00320	Lateks (Hev b 3)	Латекс (Hev b 3)	Latex (Hev b 3)			
	http://snomed-info/sct	1003751008	"   source-is-narrower-than-target	"	aller-0010-00321	Lateks (Hev b 5)	Латекс (Hev b 5)	Latex (Hev b 5)			
	http://snomed-info/sct	1003751008	"   source-is-narrower-than-target	"	aller-0010-00322	Lateks (Hev b 6-02)	Латекс (Hev b 6-02)	Latex (Hev b 6-02)			
	http://snomed-info/sct	1003751008	"   source-is-narrower-than-target	"	aller-0010-00323	Lateks (Hev b 8)	Латекс (Hev b 8)	Latex (Hev b 8)			
	http://snomed-info/sct	1003751008	"   source-is-narrower-than-target	"	aller-0010-00324	Lateks (Hev b 11)	Латекс (Hev b 11)	Latex (Hev b 11)			
	http://snomed-info/sct	260203002	"   source-is-narrower-than-target	"	aller-0010-00326	Fikus (Fic b)	Фикус (Fic b)	Ficus (Fic b)			
	http://snomed-info/sct	102670005	"   source-is-narrower-than-target	"	aller-0010-00328	Laktoferrin (Hom s Lactoferrin) (Hom s LF)	Лактоферрин (Hom s Lactoferrin) (Hom s LF)	Lactoferrin (Hom s Lactoferrin) (Hom s LF)			
	http://snomed-info/sct	65009006	"   source-is-narrower-than-target	"	aller-0010-00330	Qisqichbaqasimon kana (Argas reflexus) (Arg r 1)	Раковинный клещ (Argas reflexus) (Arg r 1)	Shell mite (Argas reflexus) (Arg r 1)			
